name,credit_card_number,credit_card_provider,credit_card_security_code,credit_card_expire
Jasmin Williams,6011463781193507,Mastercard,269,05/27
Jennifer Rodriguez,344272898543004,Mastercard,873,10/31
Roberta Peterson,4707442889475952,Maestro,8756,05/31
Vincent Turner,213193312145234,Discover,491,07/28
Chad Barnes,4814477336796,VISA 16 digit,085,11/24
Brendan Mercer,341494513775604,JCB 16 digit,3575,06/31
Angel Martinez,2262062589705077,Maestro,0360,11/24
Dennis Black,3565746740947295,JCB 16 digit,563,12/30
George Adams,213189282300783,Maestro,970,04/24
Charles Chapman,3528980257714717,JCB 15 digit,787,06/28
Juan White,4927903919936051,JCB 15 digit,308,05/31
Emma Taylor,213172397373739,JCB 16 digit,526,05/30
Jeremy Burke,2720738608014171,JCB 16 digit,079,10/28
Troy Williams,4621858027793944,VISA 19 digit,770,11/22
Eric Jones,639077860646,Discover,038,09/24
Pamela Coffey,4316223473745031,Mastercard,8068,12/28
Todd Marshall,180039746707173,JCB 16 digit,186,06/29
Andres Haney,675924942542,JCB 16 digit,164,02/28
Jennifer Howard,3560319583837950,JCB 16 digit,814,01/30
Kristin Lucas,3575362626701208,Discover,026,12/24
Angel Martinez,630423249691,VISA 19 digit,857,01/23
Alexander Davis,4421021633036701,Maestro,711,10/26
John Owen,4254279349624,Maestro,7129,11/27
Christine Hines,4879619493425,Discover,267,07/26
Maria Anderson,6011713616682276,VISA 19 digit,258,11/24
Jonathan Marsh,2266859654491178,Discover,602,02/29
Lee Barrett,4116962333305716,VISA 16 digit,880,12/29
Jennifer Howard,4365814680532772,American Express,096,03/29
Stephen Smith,348876115999272,VISA 16 digit,817,11/29
Todd Diaz,3538945830443918,JCB 16 digit,779,01/32
Clayton Richard,587266322516,Mastercard,916,08/25
Kathy Lawrence,348581050754738,Maestro,295,06/31
Christine Hines,4012731317994380,VISA 13 digit,424,08/25
Stephen Brown,4388098815017,VISA 13 digit,725,04/26
Chad Barnes,6011824044222054,American Express,709,04/25
William Griffin,6548357497935999,JCB 15 digit,3966,09/23
Shannon White,4982647356877,Mastercard,056,04/25
Pamela Coffey,3544376139294798,VISA 16 digit,622,09/28
Brandi Peterson,568830938060,JCB 16 digit,715,04/29
Michael Brandt,4335725748313657,JCB 15 digit,087,10/29
Shannon White,180000048895629,JCB 16 digit,180,11/30
Sarah Smith,564851569785,American Express,057,05/31
Melissa Wilson,3549732909108813,Diners Club / Carte Blanche,061,03/25
Kaitlyn Hernandez,6011851472180231,Mastercard,837,08/25
Jennifer Rodriguez,4891235563465,JCB 15 digit,248,06/31
Courtney Jackson,2224745913832230,VISA 16 digit,319,06/31
Jody Wright,4698121995599167,VISA 19 digit,005,06/28
Eric Jones,501896099485,VISA 19 digit,162,12/26
Vincent Turner,3501124646215216,American Express,941,07/23
Roberta Peterson,3531510587917089,Discover,817,08/24
Christine Hines,4241289876381,VISA 16 digit,641,01/30
Robert Baker,6568358160458801,VISA 13 digit,614,07/25
Kyle Cabrera,3583036254846952,VISA 16 digit,773,07/27
Melissa Wilson,4981130597542,JCB 15 digit,298,02/23
Christine Hines,4458911963805206094,Diners Club / Carte Blanche,012,01/26
Kenneth Walsh,4315071881130929024,VISA 16 digit,649,06/31
William Price,3598825955106424,JCB 15 digit,022,12/27
Kyle Cabrera,675902446987,JCB 16 digit,587,08/27
Joseph Reed,4264288403049731,Mastercard,854,08/23
Raymond Kramer,2333072040810577,Diners Club / Carte Blanche,826,02/24
Francisco Campbell,30093173688358,VISA 16 digit,975,03/24
Kathy Lawrence,342457139017775,JCB 16 digit,650,04/23
Joshua Mitchell DDS,583765828921,Discover,426,05/24
Eric Rogers,4178624719034746322,VISA 16 digit,337,06/22
Sharon Martinez,213189515260085,VISA 19 digit,334,07/29
Ms. Elizabeth Good MD,4871779361879262,JCB 16 digit,677,01/25
Catherine Mitchell,4136108839464294,VISA 16 digit,944,07/27
Rebecca Hernandez,3547145216284742,VISA 16 digit,154,02/29
Troy Williams,38408260270708,American Express,543,07/24
Christine Hines,3505468010919515,VISA 13 digit,095,07/30
Sabrina Oliver,345361985405455,Discover,739,11/28
Juan White,2227501309541225,Mastercard,597,06/28
Heather Gomez,3516626544419412,American Express,1055,04/26
William Price,378208835170591,American Express,406,08/28
Eric Jones,3565137579077901,VISA 19 digit,613,03/28
William Price,3530849276506931,Diners Club / Carte Blanche,584,03/26
Kyle Cabrera,4892260184136,Mastercard,049,02/30
Lee Bass,4229128095648981684,VISA 13 digit,523,11/29
Alexander Davis,4909598330694172,Maestro,488,09/29
Terry Lewis,4361717468388891,JCB 16 digit,302,03/24
Rachel Ortega,3556082753432525,VISA 16 digit,103,07/25
Brandi Peterson,30215707889653,JCB 15 digit,664,07/28
Andrew Murphy,4001737278878614,JCB 16 digit,606,10/28
Alicia Miller,4175667732139060998,Diners Club / Carte Blanche,182,12/30
Todd Lopez,3529600505777097,VISA 13 digit,656,07/26
Chad Barnes,2280972376779069,Discover,687,01/32
Amy Gonzales,4663168106741148,JCB 16 digit,742,04/23
Rodney Rodriguez,36510495638534,Discover,334,07/30
Dwayne Wise,4555772696007181,VISA 16 digit,773,02/28
Melissa Garcia,347606249477783,American Express,803,02/23
Michael Miller,4854955510090321141,JCB 16 digit,701,10/31
Troy Williams,374510482395684,JCB 16 digit,568,01/30
Eric Rogers,6502494891516325,VISA 16 digit,208,07/24
John Owen,30415405307384,American Express,606,12/27
Steven Cross,4730600717533752,Maestro,971,05/25
Amy Gonzales,4642586633708,VISA 19 digit,610,01/30
Francisco Campbell,180081522547118,JCB 16 digit,381,10/31
Joshua Mitchell DDS,4807741269029233,VISA 13 digit,767,07/23
John Owen,38049206465190,VISA 19 digit,079,03/27
Heather Dunn,378047968608278,Discover,170,10/22
Kenneth Walsh,180030376587340,VISA 16 digit,593,07/23
Richard Pittman,213118763934711,Diners Club / Carte Blanche,510,02/32
Jeremy Burke,342544797291451,Diners Club / Carte Blanche,948,10/23
Andrea Hanson,4452333276896,JCB 16 digit,3083,12/22
Ryan Ramirez,30024040714242,VISA 19 digit,020,02/29
Joseph Reed,6574881187458134,JCB 16 digit,520,05/22
Adam Rogers,3577969451727070,Maestro,559,03/32
Andrea Smith,4161559091872285,Discover,502,05/23
Jason Kelly,4329681483415289530,Maestro,848,07/27
Stephen Brown,4302964737098156,JCB 16 digit,412,01/24
Sabrina Oliver,3503098030687743,Diners Club / Carte Blanche,8029,07/29
Eric Cook,3528540961409887,VISA 16 digit,5376,05/27
Christine Hines,3546308723804052,VISA 19 digit,1050,10/25
Maureen Hall,4384500455867876,Mastercard,519,03/29
Michele Lewis,4912769618093040,VISA 13 digit,356,04/23
Juan White,503873862505,Maestro,467,06/30
Joseph Reed,4017057329373636,Mastercard,612,05/26
Jonathan Marsh,4358667870254139,Diners Club / Carte Blanche,4213,09/26
Craig Thomas,340936494368610,Mastercard,733,10/29
Keith Willis,213146365841711,JCB 15 digit,350,02/25
Russell Jones,180018082485180,JCB 16 digit,260,10/27
Bob Meyer,4184367187351542,VISA 16 digit,594,03/25
Brian Ortega,6011009364421326,Diners Club / Carte Blanche,416,11/22
Clayton Richard,4844784518213476,Discover,744,10/29
Eric Rogers,6549431663063859,American Express,191,12/22
Michael Anderson,30371301095757,Maestro,474,03/25
Susan Wheeler,4175095185704,Maestro,590,06/24
Jake Hammond,30456337010357,Discover,001,11/23
Ryan Ramirez,060431600133,Diners Club / Carte Blanche,163,04/24
Raymond Kramer,2410295897694226,VISA 16 digit,851,10/28
Melissa Garcia,30411613210742,Diners Club / Carte Blanche,598,10/26
Vincent Turner,3527728668271582,VISA 19 digit,347,12/24
Courtney Jackson,3528250093538526,Discover,469,03/27
Christina Flores,3561215955993570,VISA 16 digit,519,05/22
Dawn Espinoza PhD,4164802290641847337,Discover,915,09/24
Brandi Peterson,4120936201861319,JCB 16 digit,349,03/25
Stephen Smith,370489628884253,JCB 16 digit,549,11/23
Heather Dunn,180039568993364,JCB 16 digit,769,04/28
Richard Pittman,503823664068,VISA 16 digit,957,04/25
Eric Jones,3574495395693429,VISA 16 digit,186,01/32
Laura Howe,3560503768309204,Discover,110,05/31
Todd Diaz,4711699452551,Mastercard,216,01/31
Jack Fuller,4537720687842218,JCB 16 digit,422,06/31
Jon Douglas,4219639175532214674,Mastercard,128,05/31
Steven Cross,213158743182759,Diners Club / Carte Blanche,680,10/23
Andrea Smith,213161123903687,JCB 16 digit,926,03/23
Gregory Santos,349098818357513,JCB 16 digit,391,08/22
Jessica Crawford,4142359116515835,Maestro,108,10/31
Gregory Santos,3542861598416265,Discover,912,05/31
John Webb,6574336355951113,Mastercard,632,08/28
Jonathan Marsh,4664357147670627,VISA 16 digit,872,07/24
Gregory Santos,4024412535590476,Discover,936,03/23
Brendan Mercer,4574567988812500404,Mastercard,314,08/22
Francisco Campbell,4036496038407,JCB 16 digit,168,05/27
Anthony Smith,4235129016318053,JCB 16 digit,028,06/24
Suzanne Rodriguez,345929136834367,American Express,354,11/28
Jonathan Marsh,180062893302556,Mastercard,510,06/24
Kathy Lawrence,3518666012203524,VISA 19 digit,212,02/24
Maria Anderson,4900004421872263,Maestro,980,02/23
Phillip Durham,30552981613510,VISA 13 digit,308,04/27
Ryan Ramirez,4377286336894,JCB 16 digit,538,01/28
Charles Chapman,213144095164181,Diners Club / Carte Blanche,258,12/24
Melissa Garcia,676269774003,Mastercard,5299,10/27
Jon Mora,6011176633721180,American Express,372,08/30
Laura Howe,6011728422073452,American Express,795,09/23
Francisco Campbell,560077740747,VISA 13 digit,193,10/23
Ms. Elizabeth Good MD,675999220766,VISA 19 digit,623,12/28
Kelsey Franklin,6554465511123137,VISA 19 digit,353,08/25
Sharon Martinez,30529573972249,VISA 16 digit,771,05/28
Joseph Reed,587190288056,VISA 16 digit,608,08/22
Jason Pena,4102810704951566,Diners Club / Carte Blanche,999,12/24
Bailey Kelly,4885739238400,JCB 16 digit,869,09/25
George Adams,060437253325,VISA 19 digit,692,04/30
Mrs. Brenda Chavez,4393707716142843467,VISA 16 digit,652,06/26
Jake Hammond,3537738456459222,Maestro,310,01/24
Laura Boyer,2233741353740990,Diners Club / Carte Blanche,274,10/30
Kathy Lawrence,4190181665479010,JCB 16 digit,890,02/29
Michele Lewis,372612097503975,VISA 13 digit,016,02/28
Sharon Martinez,2271373817533275,Mastercard,736,10/27
Mrs. Brenda Chavez,3502657104476779,JCB 15 digit,610,01/30
Kelly Barnes PhD,346448931326288,Diners Club / Carte Blanche,108,11/31
Dwayne Wise,4469771268342835173,VISA 19 digit,110,02/31
Jasmin Williams,3513521096042758,VISA 16 digit,389,07/22
Jasmine Carey,4986357750344,VISA 16 digit,553,01/26
Laura Boyer,6011765276969203,American Express,167,11/31
Melissa Jordan,4178850711258836,JCB 16 digit,052,01/31
Eric Cook,3506819074093135,Maestro,848,01/31
Mrs. Brenda Chavez,676116116267,Maestro,581,04/31
Kenneth Walsh,3582909864432937,Discover,739,01/24
Sabrina Oliver,4609337841351,JCB 16 digit,656,12/30
Thomas James,4857053952504384584,JCB 16 digit,830,05/22
Jack Fuller,3576064387824463,Discover,4227,11/22
Daniel Palmer,4278816453615276,VISA 16 digit,792,03/28
Vincent Turner,2275037320926120,VISA 13 digit,974,04/23
Taylor Collins,4928117786263676,American Express,212,08/29
Alicia Miller,3503840217030472,JCB 16 digit,665,08/31
Andrea Smith,4878609453357,Maestro,690,09/29
Jeremy Burke,347748607983943,Mastercard,029,02/24
Francisco Long,6011934169102211,American Express,288,06/24
Kyle Cabrera,213177533960950,Mastercard,576,08/24
